Time,Event,Count,Q[1],Q[2],Q[3],Q[4],Q6,Q7,M[1],M[2],M[3],M[4],M6,M7,
0.000,run,1,0.000,0.000,0.000,0.000,0.000,0.000,2.000,2.000,3.000,1.000,2.000,3.000,
0.000,Arrive,1,4.000,0.000,0.000,0.000,0.000,0.000,2.000,2.000,3.000,1.000,2.000,3.000,
0.000,load,1,3.000,0.000,0.000,0.000,0.000,0.000,1.000,2.000,3.000,1.000,2.000,3.000,
2.023,unload,1,3.000,0.000,0.000,0.000,0.000,0.000,2.000,2.000,3.000,1.000,2.000,3.000,
2.023,load,2,2.000,0.000,0.000,0.000,0.000,0.000,1.000,2.000,3.000,1.000,2.000,3.000,
2.023,enter,1,2.000,0.000,0.000,1.000,0.000,0.000,1.000,2.000,3.000,1.000,2.000,3.000,
2.023,load,3,2.000,0.000,0.000,0.000,0.000,0.000,1.000,2.000,3.000,0.000,2.000,3.000,
2.148,Arrive,2,4.000,0.000,0.000,0.000,0.000,0.000,1.000,2.000,3.000,0.000,2.000,3.000,
2.148,load,4,3.000,0.000,0.000,0.000,0.000,0.000,0.000,2.000,3.000,0.000,2.000,3.000,
4.566,unload,2,3.000,0.000,0.000,0.000,0.000,0.000,1.000,2.000,3.000,0.000,2.000,3.000,
4.566,load,5,2.000,0.000,0.000,0.000,0.000,0.000,0.000,2.000,3.000,0.000,2.000,3.000,
4.566,enter,2,2.000,1.000,0.000,0.000,0.000,0.000,0.000,2.000,3.000,0.000,2.000,3.000,
4.566,load,6,2.000,0.000,0.000,0.000,0.000,0.000,0.000,1.000,3.000,0.000,2.000,3.000,
4.689,unload,3,2.000,0.000,0.000,0.000,0.000,0.000,1.000,1.000,3.000,0.000,2.000,3.000,
4.689,load,7,1.000,0.000,0.000,0.000,0.000,0.000,0.000,1.000,3.000,0.000,2.000,3.000,
4.689,enter,3,1.000,0.000,0.000,1.000,0.000,0.000,0.000,1.000,3.000,0.000,2.000,3.000,
5.091,unload,4,1.000,0.000,0.000,1.000,0.000,0.000,0.000,1.000,3.000,1.000,2.000,3.000,
5.091,load,8,1.000,0.000,0.000,0.000,0.000,0.000,0.000,1.000,3.000,0.000,2.000,3.000,
5.091,enter,4,2.000,0.000,0.000,0.000,0.000,0.000,0.000,1.000,3.000,0.000,2.000,3.000,
5.091,EnterQP,1,2.000,0.000,0.000,0.000,0.000,1.000,0.000,1.000,3.000,0.000,2.000,3.000,
5.091,LPay,1,2.000,0.000,0.000,0.000,0.000,0.000,0.000,1.000,3.000,0.000,2.000,4.000,
7.826,unload,5,2.000,0.000,0.000,0.000,0.000,0.000,1.000,1.000,3.000,0.000,2.000,4.000,
7.826,load,9,1.000,0.000,0.000,0.000,0.000,0.000,0.000,1.000,3.000,0.000,2.000,4.000,
7.826,enter,5,1.000,1.000,0.000,0.000,0.000,0.000,0.000,1.000,3.000,0.000,2.000,4.000,
7.826,load,10,1.000,0.000,0.000,0.000,0.000,0.000,0.000,0.000,3.000,0.000,2.000,4.000,
8.464,unload,6,1.000,0.000,0.000,0.000,0.000,0.000,1.000,0.000,3.000,0.000,2.000,4.000,
8.464,load,11,0.000,0.000,0.000,0.000,0.000,0.000,0.000,0.000,3.000,0.000,2.000,4.000,
8.464,enter,6,0.000,0.000,1.000,0.000,0.000,0.000,0.000,0.000,3.000,0.000,2.000,4.000,
8.464,load,12,0.000,0.000,0.000,0.000,0.000,0.000,0.000,0.000,2.000,0.000,2.000,4.000,
9.152,unload,7,0.000,0.000,0.000,0.000,0.000,0.000,0.000,0.000,2.000,1.000,2.000,4.000,
9.152,enter,7,0.000,1.000,0.000,0.000,0.000,0.000,0.000,0.000,2.000,1.000,2.000,4.000,
9.152,EnterQP,2,0.000,1.000,0.000,0.000,0.000,1.000,0.000,0.000,2.000,1.000,2.000,4.000,
9.152,LPay,2,0.000,1.000,0.000,0.000,0.000,0.000,0.000,0.000,2.000,1.000,2.000,5.000,
9.531,unload,8,0.000,1.000,0.000,0.000,0.000,0.000,0.000,1.000,2.000,1.000,2.000,5.000,
9.531,load,13,0.000,0.000,0.000,0.000,0.000,0.000,0.000,0.000,2.000,1.000,2.000,5.000,
9.531,enter,8,0.000,0.000,1.000,0.000,0.000,0.000,0.000,0.000,2.000,1.000,2.000,5.000,
9.531,load,14,0.000,0.000,0.000,0.000,0.000,0.000,0.000,0.000,1.000,1.000,2.000,5.000,
9.531,EnterQP,3,0.000,0.000,0.000,0.000,0.000,1.000,0.000,0.000,1.000,1.000,2.000,5.000,
9.531,LPay,3,0.000,0.000,0.000,0.000,0.000,0.000,0.000,0.000,1.000,1.000,2.000,6.000,
10.582,unload,9,0.000,0.000,0.000,0.000,0.000,0.000,1.000,0.000,1.000,1.000,2.000,6.000,
10.582,enter,9,0.000,0.000,0.000,1.000,0.000,0.000,1.000,0.000,1.000,1.000,2.000,6.000,
10.582,load,15,0.000,0.000,0.000,0.000,0.000,0.000,1.000,0.000,1.000,0.000,2.000,6.000,
11.510,UPay,1,0.000,0.000,0.000,0.000,0.000,0.000,1.000,0.000,1.000,0.000,2.000,5.000,
11.510,LT,1,0.000,0.000,0.000,0.000,0.000,0.000,1.000,0.000,1.000,0.000,2.000,5.000,
11.888,unload,10,0.000,0.000,0.000,0.000,0.000,0.000,1.000,1.000,1.000,0.000,2.000,5.000,
11.888,enter,10,0.000,0.000,1.000,0.000,0.000,0.000,1.000,1.000,1.000,0.000,2.000,5.000,
11.888,load,16,0.000,0.000,0.000,0.000,0.000,0.000,1.000,1.000,0.000,0.000,2.000,5.000,
12.349,unload,11,0.000,0.000,0.000,0.000,0.000,0.000,2.000,1.000,0.000,0.000,2.000,5.000,
12.349,enter,11,0.000,1.000,0.000,0.000,0.000,0.000,2.000,1.000,0.000,0.000,2.000,5.000,
12.349,load,17,0.000,0.000,0.000,0.000,0.000,0.000,2.000,0.000,0.000,0.000,2.000,5.000,
13.994,unload,12,0.000,0.000,0.000,0.000,0.000,0.000,2.000,1.000,0.000,0.000,2.000,5.000,
13.994,enter,12,0.000,1.000,0.000,0.000,0.000,0.000,2.000,1.000,0.000,0.000,2.000,5.000,
13.994,load,18,0.000,0.000,0.000,0.000,0.000,0.000,2.000,0.000,0.000,0.000,2.000,5.000,
14.004,unload,13,0.000,0.000,0.000,0.000,0.000,0.000,2.000,0.000,0.000,1.000,2.000,5.000,
14.004,enter,13,0.000,0.000,1.000,0.000,0.000,0.000,2.000,0.000,0.000,1.000,2.000,5.000,
14.610,UPay,2,0.000,0.000,1.000,0.000,0.000,0.000,2.000,0.000,0.000,1.000,2.000,4.000,
15.406,unload,14,0.000,0.000,1.000,0.000,0.000,0.000,2.000,0.000,1.000,1.000,2.000,4.000,
15.406,load,19,0.000,0.000,0.000,0.000,0.000,0.000,2.000,0.000,0.000,1.000,2.000,4.000,
15.406,enter,14,0.000,1.000,0.000,0.000,0.000,0.000,2.000,0.000,0.000,1.000,2.000,4.000,
15.406,EW,1,0.000,1.000,0.000,0.000,1.000,0.000,2.000,0.000,0.000,1.000,2.000,4.000,
15.406,LWrap,1,0.000,1.000,0.000,0.000,0.000,0.000,2.000,0.000,0.000,1.000,1.000,4.000,
15.442,unload,15,0.000,1.000,0.000,0.000,0.000,0.000,2.000,1.000,0.000,1.000,1.000,4.000,
15.442,load,20,0.000,0.000,0.000,0.000,0.000,0.000,2.000,0.000,0.000,1.000,1.000,4.000,
15.442,enter,15,1.000,0.000,0.000,0.000,0.000,0.000,2.000,0.000,0.000,1.000,1.000,4.000,
15.442,load,21,0.000,0.000,0.000,0.000,0.000,0.000,1.000,0.000,0.000,1.000,1.000,4.000,
15.442,EnterQP,4,0.000,0.000,0.000,0.000,0.000,1.000,1.000,0.000,0.000,1.000,1.000,4.000,
15.442,LPay,4,0.000,0.000,0.000,0.000,0.000,0.000,1.000,0.000,0.000,1.000,1.000,5.000,
15.802,UPay,3,0.000,0.000,0.000,0.000,0.000,0.000,1.000,0.000,0.000,1.000,1.000,4.000,
15.802,LT,2,0.000,0.000,0.000,0.000,0.000,0.000,1.000,0.000,0.000,1.000,1.000,4.000,
16.233,unload,16,0.000,0.000,0.000,0.000,0.000,0.000,1.000,0.000,1.000,1.000,1.000,4.000,
16.233,enter,16,0.000,0.000,0.000,1.000,0.000,0.000,1.000,0.000,1.000,1.000,1.000,4.000,
16.233,load,22,0.000,0.000,0.000,0.000,0.000,0.000,1.000,0.000,1.000,0.000,1.000,4.000,
16.233,EW,2,0.000,0.000,0.000,0.000,1.000,0.000,1.000,0.000,1.000,0.000,1.000,4.000,
16.233,LWrap,2,0.000,0.000,0.000,0.000,0.000,0.000,1.000,0.000,1.000,0.000,0.000,4.000,
17.151,unload,17,0.000,0.000,0.000,0.000,0.000,0.000,1.000,1.000,1.000,0.000,0.000,4.000,
17.151,enter,17,0.000,0.000,1.000,0.000,0.000,0.000,1.000,1.000,1.000,0.000,0.000,4.000,
17.151,load,23,0.000,0.000,0.000,0.000,0.000,0.000,1.000,1.000,0.000,0.000,0.000,4.000,
17.659,UWrap,1,0.000,0.000,0.000,0.000,0.000,0.000,1.000,1.000,0.000,0.000,1.000,4.000,
17.659,EnterQP,5,0.000,0.000,0.000,0.000,0.000,1.000,1.000,1.000,0.000,0.000,1.000,4.000,
17.659,LPay,5,0.000,0.000,0.000,0.000,0.000,0.000,1.000,1.000,0.000,0.000,1.000,5.000,
18.118,UWrap,2,0.000,0.000,0.000,0.000,0.000,0.000,1.000,1.000,0.000,0.000,2.000,5.000,
18.118,EnterQP,6,0.000,0.000,0.000,0.000,0.000,1.000,1.000,1.000,0.000,0.000,2.000,5.000,
18.118,LPay,6,0.000,0.000,0.000,0.000,0.000,0.000,1.000,1.000,0.000,0.000,2.000,6.000,
18.374,unload,18,0.000,0.000,0.000,0.000,0.000,0.000,1.000,1.000,1.000,0.000,2.000,6.000,
18.374,enter,18,0.000,0.000,1.000,0.000,0.000,0.000,1.000,1.000,1.000,0.000,2.000,6.000,
18.374,load,24,0.000,0.000,0.000,0.000,0.000,0.000,1.000,1.000,0.000,0.000,2.000,6.000,
18.374,EW,3,0.000,0.000,0.000,0.000,1.000,0.000,1.000,1.000,0.000,0.000,2.000,6.000,
18.374,LWrap,3,0.000,0.000,0.000,0.000,0.000,0.000,1.000,1.000,0.000,0.000,1.000,6.000,
19.017,unload,19,0.000,0.000,0.000,0.000,0.000,0.000,2.000,1.000,0.000,0.000,1.000,6.000,
19.017,enter,19,1.000,0.000,0.000,0.000,0.000,0.000,2.000,1.000,0.000,0.000,1.000,6.000,
19.017,load,25,0.000,0.000,0.000,0.000,0.000,0.000,1.000,1.000,0.000,0.000,1.000,6.000,
19.840,unload,20,0.000,0.000,0.000,0.000,0.000,0.000,1.000,1.000,0.000,1.000,1.000,6.000,
19.840,enter,20,0.000,0.000,1.000,0.000,0.000,0.000,1.000,1.000,0.000,1.000,1.000,6.000,
20.023,unload,21,0.000,0.000,1.000,0.000,0.000,0.000,1.000,2.000,0.000,1.000,1.000,6.000,
20.023,enter,21,1.000,0.000,1.000,0.000,0.000,0.000,1.000,2.000,0.000,1.000,1.000,6.000,
20.023,load,26,0.000,0.000,1.000,0.000,0.000,0.000,0.000,2.000,0.000,1.000,1.000,6.000,
20.762,UPay,4,0.000,0.000,1.000,0.000,0.000,0.000,0.000,2.000,0.000,1.000,1.000,5.000,
20.762,LT,3,0.000,0.000,1.000,0.000,0.000,0.000,0.000,2.000,0.000,1.000,1.000,5.000,
21.673,unload,22,0.000,0.000,1.000,0.000,0.000,0.000,1.000,2.000,0.000,1.000,1.000,5.000,
21.673,enter,22,0.000,0.000,2.000,0.000,0.000,0.000,1.000,2.000,0.000,1.000,1.000,5.000,
21.925,UWrap,3,0.000,0.000,2.000,0.000,0.000,0.000,1.000,2.000,0.000,1.000,2.000,5.000,
21.925,EnterQP,7,0.000,0.000,2.000,0.000,0.000,1.000,1.000,2.000,0.000,1.000,2.000,5.000,
21.925,LPay,7,0.000,0.000,2.000,0.000,0.000,0.000,1.000,2.000,0.000,1.000,2.000,6.000,
22.274,unload,23,0.000,0.000,2.000,0.000,0.000,0.000,2.000,2.000,0.000,1.000,2.000,6.000,
22.274,enter,23,0.000,1.000,2.000,0.000,0.000,0.000,2.000,2.000,0.000,1.000,2.000,6.000,
22.274,load,27,0.000,0.000,2.000,0.000,0.000,0.000,2.000,1.000,0.000,1.000,2.000,6.000,
23.568,UPay,5,0.000,0.000,2.000,0.000,0.000,0.000,2.000,1.000,0.000,1.000,2.000,5.000,
23.568,LT,4,0.000,0.000,2.000,0.000,0.000,0.000,2.000,1.000,0.000,1.000,2.000,5.000,
24.462,UPay,6,0.000,0.000,2.000,0.000,0.000,0.000,2.000,1.000,0.000,1.000,2.000,4.000,
25.272,unload,24,0.000,0.000,2.000,0.000,0.000,0.000,2.000,1.000,1.000,1.000,2.000,4.000,
25.272,load,28,0.000,0.000,1.000,0.000,0.000,0.000,2.000,1.000,0.000,1.000,2.000,4.000,
25.272,enter,24,0.000,1.000,1.000,0.000,0.000,0.000,2.000,1.000,0.000,1.000,2.000,4.000,
25.272,load,29,0.000,0.000,1.000,0.000,0.000,0.000,2.000,0.000,0.000,1.000,2.000,4.000,
25.272,EW,4,0.000,0.000,1.000,0.000,1.000,0.000,2.000,0.000,0.000,1.000,2.000,4.000,
25.272,LWrap,4,0.000,0.000,1.000,0.000,0.000,0.000,2.000,0.000,0.000,1.000,1.000,4.000,
25.301,unload,25,0.000,0.000,1.000,0.000,0.000,0.000,2.000,0.000,1.000,1.000,1.000,4.000,
25.301,load,30,0.000,0.000,0.000,0.000,0.000,0.000,2.000,0.000,0.000,1.000,1.000,4.000,
25.301,enter,25,0.000,0.000,0.000,1.000,0.000,0.000,2.000,0.000,0.000,1.000,1.000,4.000,
25.301,load,31,0.000,0.000,0.000,0.000,0.000,0.000,2.000,0.000,0.000,0.000,1.000,4.000,
25.301,EW,5,0.000,0.000,0.000,0.000,1.000,0.000,2.000,0.000,0.000,0.000,1.000,4.000,
25.301,LWrap,5,0.000,0.000,0.000,0.000,0.000,0.000,2.000,0.000,0.000,0.000,0.000,4.000,
25.494,unload,26,0.000,0.000,0.000,0.000,0.000,0.000,2.000,1.000,0.000,0.000,0.000,4.000,
25.494,enter,26,0.000,0.000,0.000,1.000,0.000,0.000,2.000,1.000,0.000,0.000,0.000,4.000,
25.659,unload,27,0.000,0.000,0.000,1.000,0.000,0.000,2.000,1.000,1.000,0.000,0.000,4.000,
25.659,enter,27,0.000,0.000,1.000,1.000,0.000,0.000,2.000,1.000,1.000,0.000,0.000,4.000,
25.659,load,32,0.000,0.000,0.000,1.000,0.000,0.000,2.000,1.000,0.000,0.000,0.000,4.000,
25.659,EW,6,0.000,0.000,0.000,1.000,1.000,0.000,2.000,1.000,0.000,0.000,0.000,4.000,
25.750,UT,1,0.000,0.000,0.000,1.000,1.000,0.000,2.000,1.000,0.000,0.000,0.000,4.000,
26.347,UWrap,4,0.000,0.000,0.000,1.000,1.000,0.000,2.000,1.000,0.000,0.000,1.000,4.000,
26.347,EnterQP,8,0.000,0.000,0.000,1.000,1.000,1.000,2.000,1.000,0.000,0.000,1.000,4.000,
26.347,LPay,8,0.000,0.000,0.000,1.000,1.000,0.000,2.000,1.000,0.000,0.000,1.000,5.000,
26.347,LWrap,6,0.000,0.000,0.000,1.000,0.000,0.000,2.000,1.000,0.000,0.000,0.000,5.000,
27.235,UWrap,5,0.000,0.000,0.000,1.000,0.000,0.000,2.000,1.000,0.000,0.000,1.000,5.000,
27.235,EnterQP,9,0.000,0.000,0.000,1.000,0.000,1.000,2.000,1.000,0.000,0.000,1.000,5.000,
27.235,LPay,9,0.000,0.000,0.000,1.000,0.000,0.000,2.000,1.000,0.000,0.000,1.000,6.000,
27.583,UPay,7,0.000,0.000,0.000,1.000,0.000,0.000,2.000,1.000,0.000,0.000,1.000,5.000,
28.179,UWrap,6,0.000,0.000,0.000,1.000,0.000,0.000,2.000,1.000,0.000,0.000,2.000,5.000,
28.179,EnterQP,10,0.000,0.000,0.000,1.000,0.000,1.000,2.000,1.000,0.000,0.000,2.000,5.000,
28.179,LPay,10,0.000,0.000,0.000,1.000,0.000,0.000,2.000,1.000,0.000,0.000,2.000,6.000,
29.784,unload,28,0.000,0.000,0.000,1.000,0.000,0.000,2.000,1.000,0.000,1.000,2.000,6.000,
29.784,load,33,0.000,0.000,0.000,0.000,0.000,0.000,2.000,1.000,0.000,0.000,2.000,6.000,
29.784,enter,28,1.000,0.000,0.000,0.000,0.000,0.000,2.000,1.000,0.000,0.000,2.000,6.000,
29.784,load,34,0.000,0.000,0.000,0.000,0.000,0.000,1.000,1.000,0.000,0.000,2.000,6.000,
29.873,unload,29,0.000,0.000,0.000,0.000,0.000,0.000,1.000,2.000,0.000,0.000,2.000,6.000,
29.873,enter,29,0.000,0.000,0.000,1.000,0.000,0.000,1.000,2.000,0.000,0.000,2.000,6.000,
31.478,unload,30,0.000,0.000,0.000,1.000,0.000,0.000,1.000,2.000,1.000,0.000,2.000,6.000,
31.478,enter,30,0.000,0.000,0.000,2.000,0.000,0.000,1.000,2.000,1.000,0.000,2.000,6.000,
31.478,EW,7,0.000,0.000,0.000,2.000,1.000,0.000,1.000,2.000,1.000,0.000,2.000,6.000,
31.478,LWrap,7,0.000,0.000,0.000,2.000,0.000,0.000,1.000,2.000,1.000,0.000,1.000,6.000,
31.567,unload,31,0.000,0.000,0.000,2.000,0.000,0.000,1.000,2.000,2.000,0.000,1.000,6.000,
31.567,enter,31,1.000,0.000,0.000,2.000,0.000,0.000,1.000,2.000,2.000,0.000,1.000,6.000,
31.567,load,35,0.000,0.000,0.000,2.000,0.000,0.000,0.000,2.000,2.000,0.000,1.000,6.000,
31.567,EnterQP,11,0.000,0.000,0.000,2.000,0.000,1.000,0.000,2.000,2.000,0.000,1.000,6.000,
31.567,LPay,11,0.000,0.000,0.000,2.000,0.000,0.000,0.000,2.000,2.000,0.000,1.000,7.000,
31.567,EW,8,0.000,0.000,0.000,2.000,1.000,0.000,0.000,2.000,2.000,0.000,1.000,7.000,
31.567,LWrap,8,0.000,0.000,0.000,2.000,0.000,0.000,0.000,2.000,2.000,0.000,0.000,7.000,
31.755,UPay,8,0.000,0.000,0.000,2.000,0.000,0.000,0.000,2.000,2.000,0.000,0.000,6.000,
33.222,unload,32,0.000,0.000,0.000,2.000,0.000,0.000,1.000,2.000,2.000,0.000,0.000,6.000,
33.222,enter,32,0.000,1.000,0.000,2.000,0.000,0.000,1.000,2.000,2.000,0.000,0.000,6.000,
33.222,load,36,0.000,0.000,0.000,2.000,0.000,0.000,1.000,1.000,2.000,0.000,0.000,6.000,
33.443,UWrap,7,0.000,0.000,0.000,2.000,0.000,0.000,1.000,1.000,2.000,0.000,1.000,6.000,
33.443,EnterQP,12,0.000,0.000,0.000,2.000,0.000,1.000,1.000,1.000,2.000,0.000,1.000,6.000,
33.443,LPay,12,0.000,0.000,0.000,2.000,0.000,0.000,1.000,1.000,2.000,0.000,1.000,7.000,
33.457,unload,33,0.000,0.000,0.000,2.000,0.000,0.000,1.000,1.000,3.000,0.000,1.000,7.000,
33.457,enter,33,0.000,1.000,0.000,2.000,0.000,0.000,1.000,1.000,3.000,0.000,1.000,7.000,
33.457,load,37,0.000,0.000,0.000,2.000,0.000,0.000,1.000,0.000,3.000,0.000,1.000,7.000,
33.457,EnterQP,13,0.000,0.000,0.000,2.000,0.000,1.000,1.000,0.000,3.000,0.000,1.000,7.000,
33.457,LPay,13,0.000,0.000,0.000,2.000,0.000,0.000,1.000,0.000,3.000,0.000,1.000,8.000,
33.457,EW,9,0.000,0.000,0.000,2.000,1.000,0.000,1.000,0.000,3.000,0.000,1.000,8.000,
33.457,LWrap,9,0.000,0.000,0.000,2.000,0.000,0.000,1.000,0.000,3.000,0.000,0.000,8.000,
33.705,UPay,9,0.000,0.000,0.000,2.000,0.000,0.000,1.000,0.000,3.000,0.000,0.000,7.000,
34.291,unload,34,0.000,0.000,0.000,2.000,0.000,0.000,2.000,0.000,3.000,0.000,0.000,7.000,
34.291,enter,34,0.000,0.000,1.000,2.000,0.000,0.000,2.000,0.000,3.000,0.000,0.000,7.000,
34.291,load,38,0.000,0.000,0.000,2.000,0.000,0.000,2.000,0.000,2.000,0.000,0.000,7.000,
34.388,UPay,10,0.000,0.000,0.000,2.000,0.000,0.000,2.000,0.000,2.000,0.000,0.000,6.000,
34.717,UWrap,8,0.000,0.000,0.000,2.000,0.000,0.000,2.000,0.000,2.000,0.000,1.000,6.000,
34.717,EnterQP,14,0.000,0.000,0.000,2.000,0.000,1.000,2.000,0.000,2.000,0.000,1.000,6.000,
34.717,LPay,14,0.000,0.000,0.000,2.000,0.000,0.000,2.000,0.000,2.000,0.000,1.000,7.000,
34.723,unload,35,0.000,0.000,0.000,2.000,0.000,0.000,2.000,0.000,2.000,1.000,1.000,7.000,
34.723,load,39,0.000,0.000,0.000,1.000,0.000,0.000,2.000,0.000,2.000,0.000,1.000,7.000,
34.723,enter,35,1.000,0.000,0.000,1.000,0.000,0.000,2.000,0.000,2.000,0.000,1.000,7.000,
34.723,load,40,0.000,0.000,0.000,1.000,0.000,0.000,1.000,0.000,2.000,0.000,1.000,7.000,
34.723,EnterQP,15,0.000,0.000,0.000,1.000,0.000,1.000,1.000,0.000,2.000,0.000,1.000,7.000,
34.723,LPay,15,0.000,0.000,0.000,1.000,0.000,0.000,1.000,0.000,2.000,0.000,1.000,8.000,
34.799,UT,2,0.000,0.000,0.000,1.000,0.000,0.000,1.000,0.000,2.000,0.000,1.000,8.000,
34.799,WT,1,0.000,0.000,0.000,1.000,0.000,0.000,1.000,0.000,2.000,0.000,0.000,8.000,
35.199,UWrap,9,0.000,0.000,0.000,1.000,0.000,0.000,1.000,0.000,2.000,0.000,1.000,8.000,
35.199,EnterQP,16,0.000,0.000,0.000,1.000,0.000,1.000,1.000,0.000,2.000,0.000,1.000,8.000,
35.199,LPay,16,0.000,0.000,0.000,1.000,0.000,0.000,1.000,0.000,2.000,0.000,1.000,9.000,
36.408,unload,36,0.000,0.000,0.000,1.000,0.000,0.000,1.000,1.000,2.000,0.000,1.000,9.000,
36.408,enter,36,0.000,1.000,0.000,1.000,0.000,0.000,1.000,1.000,2.000,0.000,1.000,9.000,
36.408,load,41,0.000,0.000,0.000,1.000,0.000,0.000,1.000,0.000,2.000,0.000,1.000,9.000,
36.885,UPay,11,0.000,0.000,0.000,1.000,0.000,0.000,1.000,0.000,2.000,0.000,1.000,8.000,
37.149,unload,37,0.000,0.000,0.000,1.000,0.000,0.000,1.000,1.000,2.000,0.000,1.000,8.000,
37.149,enter,37,0.000,0.000,1.000,1.000,0.000,0.000,1.000,1.000,2.000,0.000,1.000,8.000,
37.149,load,42,0.000,0.000,0.000,1.000,0.000,0.000,1.000,1.000,1.000,0.000,1.000,8.000,
37.545,unload,38,0.000,0.000,0.000,1.000,0.000,0.000,2.000,1.000,1.000,0.000,1.000,8.000,
37.545,enter,38,1.000,0.000,0.000,1.000,0.000,0.000,2.000,1.000,1.000,0.000,1.000,8.000,
37.545,load,43,0.000,0.000,0.000,1.000,0.000,0.000,1.000,1.000,1.000,0.000,1.000,8.000,
37.768,unload,39,0.000,0.000,0.000,1.000,0.000,0.000,1.000,1.000,1.000,1.000,1.000,8.000,
37.768,load,44,0.000,0.000,0.000,0.000,0.000,0.000,1.000,1.000,1.000,0.000,1.000,8.000,
37.768,enter,39,0.000,0.000,1.000,0.000,0.000,0.000,1.000,1.000,1.000,0.000,1.000,8.000,
37.768,load,45,0.000,0.000,0.000,0.000,0.000,0.000,1.000,1.000,0.000,0.000,1.000,8.000,
37.768,EnterQP,17,0.000,0.000,0.000,0.000,0.000,1.000,1.000,1.000,0.000,0.000,1.000,8.000,
37.768,LPay,17,0.000,0.000,0.000,0.000,0.000,0.000,1.000,1.000,0.000,0.000,1.000,9.000,
38.005,UT,3,0.000,0.000,0.000,0.000,0.000,0.000,1.000,1.000,0.000,0.000,1.000,9.000,
38.005,WT,2,0.000,0.000,0.000,0.000,0.000,0.000,1.000,1.000,0.000,0.000,0.000,9.000,
38.037,CT,1,0.000,0.000,0.000,0.000,0.000,0.000,1.000,1.000,0.000,0.000,0.000,9.000,
38.633,UPay,12,0.000,0.000,0.000,0.000,0.000,0.000,1.000,1.000,0.000,0.000,0.000,8.000,
38.633,LT,5,0.000,0.000,0.000,0.000,0.000,0.000,1.000,1.000,0.000,0.000,0.000,8.000,
39.709,unload,40,0.000,0.000,0.000,0.000,0.000,0.000,2.000,1.000,0.000,0.000,0.000,8.000,
39.709,enter,40,0.000,0.000,0.000,1.000,0.000,0.000,2.000,1.000,0.000,0.000,0.000,8.000,
39.818,UPay,13,0.000,0.000,0.000,1.000,0.000,0.000,2.000,1.000,0.000,0.000,0.000,7.000,
40.358,UPay,14,0.000,0.000,0.000,1.000,0.000,0.000,2.000,1.000,0.000,0.000,0.000,6.000,
40.465,unload,41,0.000,0.000,0.000,1.000,0.000,0.000,2.000,2.000,0.000,0.000,0.000,6.000,
40.465,enter,41,0.000,1.000,0.000,1.000,0.000,0.000,2.000,2.000,0.000,0.000,0.000,6.000,
40.465,load,46,0.000,0.000,0.000,1.000,0.000,0.000,2.000,1.000,0.000,0.000,0.000,6.000,
40.867,unload,42,0.000,0.000,0.000,1.000,0.000,0.000,2.000,1.000,0.000,1.000,0.000,6.000,
40.867,load,47,0.000,0.000,0.000,0.000,0.000,0.000,2.000,1.000,0.000,0.000,0.000,6.000,
40.867,enter,42,1.000,0.000,0.000,0.000,0.000,0.000,2.000,1.000,0.000,0.000,0.000,6.000,
40.867,load,48,0.000,0.000,0.000,0.000,0.000,0.000,1.000,1.000,0.000,0.000,0.000,6.000,
40.943,CT,2,0.000,0.000,0.000,0.000,0.000,0.000,1.000,1.000,0.000,0.000,0.000,6.000,
41.016,UPay,15,0.000,0.000,0.000,0.000,0.000,0.000,1.000,1.000,0.000,0.000,0.000,5.000,
41.016,LT,6,0.000,0.000,0.000,0.000,0.000,0.000,1.000,1.000,0.000,0.000,0.000,5.000,
41.252,UT,4,0.000,0.000,0.000,0.000,0.000,0.000,1.000,1.000,0.000,0.000,0.000,5.000,
41.375,UPay,16,0.000,0.000,0.000,0.000,0.000,0.000,1.000,1.000,0.000,0.000,0.000,4.000,
42.416,unload,43,0.000,0.000,0.000,0.000,0.000,0.000,1.000,1.000,1.000,0.000,0.000,4.000,
42.416,enter,43,0.000,0.000,0.000,1.000,0.000,0.000,1.000,1.000,1.000,0.000,0.000,4.000,
42.416,EW,10,0.000,0.000,0.000,1.000,1.000,0.000,1.000,1.000,1.000,0.000,0.000,4.000,
43.010,unload,44,0.000,0.000,0.000,1.000,1.000,0.000,2.000,1.000,1.000,0.000,0.000,4.000,
43.010,enter,44,0.000,0.000,0.000,2.000,1.000,0.000,2.000,1.000,1.000,0.000,0.000,4.000,
43.535,unload,45,0.000,0.000,0.000,2.000,1.000,0.000,2.000,2.000,1.000,0.000,0.000,4.000,
43.535,enter,45,0.000,1.000,0.000,2.000,1.000,0.000,2.000,2.000,1.000,0.000,0.000,4.000,
43.535,load,49,0.000,0.000,0.000,2.000,1.000,0.000,2.000,1.000,1.000,0.000,0.000,4.000,
43.535,EnterQP,18,0.000,0.000,0.000,2.000,1.000,1.000,2.000,1.000,1.000,0.000,0.000,4.000,
43.535,LPay,18,0.000,0.000,0.000,2.000,1.000,0.000,2.000,1.000,1.000,0.000,0.000,5.000,
43.589,UPay,17,0.000,0.000,0.000,2.000,1.000,0.000,2.000,1.000,1.000,0.000,0.000,4.000,
44.498,unload,46,0.000,0.000,0.000,2.000,1.000,0.000,2.000,1.000,2.000,0.000,0.000,4.000,
44.498,enter,46,0.000,1.000,0.000,2.000,1.000,0.000,2.000,1.000,2.000,0.000,0.000,4.000,
44.498,load,50,0.000,0.000,0.000,2.000,1.000,0.000,2.000,0.000,2.000,0.000,0.000,4.000,
44.498,EW,11,0.000,0.000,0.000,2.000,2.000,0.000,2.000,0.000,2.000,0.000,0.000,4.000,
45.724,unload,47,0.000,0.000,0.000,2.000,2.000,0.000,2.000,0.000,2.000,1.000,0.000,4.000,
45.724,load,51,0.000,0.000,0.000,1.000,2.000,0.000,2.000,0.000,2.000,0.000,0.000,4.000,
45.724,enter,47,0.000,0.000,1.000,1.000,2.000,0.000,2.000,0.000,2.000,0.000,0.000,4.000,
45.724,load,52,0.000,0.000,0.000,1.000,2.000,0.000,2.000,0.000,1.000,0.000,0.000,4.000,
45.724,EnterQP,19,0.000,0.000,0.000,1.000,2.000,1.000,2.000,0.000,1.000,0.000,0.000,4.000,
45.724,LPay,19,0.000,0.000,0.000,1.000,2.000,0.000,2.000,0.000,1.000,0.000,0.000,5.000,
46.568,unload,48,0.000,0.000,0.000,1.000,2.000,0.000,2.000,0.000,2.000,0.000,0.000,5.000,
46.568,enter,48,0.000,0.000,1.000,1.000,2.000,0.000,2.000,0.000,2.000,0.000,0.000,5.000,
46.568,load,53,0.000,0.000,0.000,1.000,2.000,0.000,2.000,0.000,1.000,0.000,0.000,5.000,
46.568,EnterQP,20,0.000,0.000,0.000,1.000,2.000,1.000,2.000,0.000,1.000,0.000,0.000,5.000,
46.568,LPay,20,0.000,0.000,0.000,1.000,2.000,0.000,2.000,0.000,1.000,0.000,0.000,6.000,
46.568,EW,12,0.000,0.000,0.000,1.000,3.000,0.000,2.000,0.000,1.000,0.000,0.000,6.000,
46.886,unload,49,0.000,0.000,0.000,1.000,3.000,0.000,2.000,1.000,1.000,0.000,0.000,6.000,
46.886,enter,49,0.000,0.000,1.000,1.000,3.000,0.000,2.000,1.000,1.000,0.000,0.000,6.000,
46.886,load,54,0.000,0.000,0.000,1.000,3.000,0.000,2.000,1.000,0.000,0.000,0.000,6.000,
48.817,unload,50,0.000,0.000,0.000,1.000,3.000,0.000,2.000,2.000,0.000,0.000,0.000,6.000,
48.817,enter,50,1.000,0.000,0.000,1.000,3.000,0.000,2.000,2.000,0.000,0.000,0.000,6.000,
48.817,load,55,0.000,0.000,0.000,1.000,3.000,0.000,1.000,2.000,0.000,0.000,0.000,6.000,
49.453,unload,51,0.000,0.000,0.000,1.000,3.000,0.000,1.000,2.000,0.000,1.000,0.000,6.000,
49.453,load,56,0.000,0.000,0.000,0.000,3.000,0.000,1.000,2.000,0.000,0.000,0.000,6.000,
49.453,enter,51,0.000,0.000,1.000,0.000,3.000,0.000,1.000,2.000,0.000,0.000,0.000,6.000,
49.453,EnterQP,21,0.000,0.000,1.000,0.000,3.000,1.000,1.000,2.000,0.000,0.000,0.000,6.000,
49.453,LPay,21,0.000,0.000,1.000,0.000,3.000,0.000,1.000,2.000,0.000,0.000,0.000,7.000,
49.875,UPay,18,0.000,0.000,1.000,0.000,3.000,0.000,1.000,2.000,0.000,0.000,0.000,6.000,
51.030,unload,52,0.000,0.000,1.000,0.000,3.000,0.000,1.000,2.000,1.000,0.000,0.000,6.000,
51.030,load,57,0.000,0.000,0.000,0.000,3.000,0.000,1.000,2.000,0.000,0.000,0.000,6.000,
51.030,enter,52,1.000,0.000,0.000,0.000,3.000,0.000,1.000,2.000,0.000,0.000,0.000,6.000,
51.030,load,58,0.000,0.000,0.000,0.000,3.000,0.000,0.000,2.000,0.000,0.000,0.000,6.000,
51.030,EnterQP,22,0.000,0.000,0.000,0.000,3.000,1.000,0.000,2.000,0.000,0.000,0.000,6.000,
51.030,LPay,22,0.000,0.000,0.000,0.000,3.000,0.000,0.000,2.000,0.000,0.000,0.000,7.000,
51.030,EW,13,0.000,0.000,0.000,0.000,4.000,0.000,0.000,2.000,0.000,0.000,0.000,7.000,
51.420,unload,53,0.000,0.000,0.000,0.000,4.000,0.000,1.000,2.000,0.000,0.000,0.000,7.000,
51.420,enter,53,0.000,0.000,1.000,0.000,4.000,0.000,1.000,2.000,0.000,0.000,0.000,7.000,
51.854,UPay,19,0.000,0.000,1.000,0.000,4.000,0.000,1.000,2.000,0.000,0.000,0.000,6.000,
53.066,unload,54,0.000,0.000,1.000,0.000,4.000,0.000,1.000,2.000,0.000,1.000,0.000,6.000,
53.066,enter,54,0.000,0.000,1.000,1.000,4.000,0.000,1.000,2.000,0.000,1.000,0.000,6.000,
53.066,load,59,0.000,0.000,1.000,0.000,4.000,0.000,1.000,2.000,0.000,0.000,0.000,6.000,
53.066,EnterQP,23,0.000,0.000,1.000,0.000,4.000,1.000,1.000,2.000,0.000,0.000,0.000,6.000,
53.066,LPay,23,0.000,0.000,1.000,0.000,4.000,0.000,1.000,2.000,0.000,0.000,0.000,7.000,
53.276,unload,55,0.000,0.000,1.000,0.000,4.000,0.000,1.000,2.000,1.000,0.000,0.000,7.000,
53.276,load,60,0.000,0.000,0.000,0.000,4.000,0.000,1.000,2.000,0.000,0.000,0.000,7.000,
53.276,enter,55,0.000,1.000,0.000,0.000,4.000,0.000,1.000,2.000,0.000,0.000,0.000,7.000,
53.276,load,61,0.000,0.000,0.000,0.000,4.000,0.000,1.000,1.000,0.000,0.000,0.000,7.000,
53.276,EnterQP,24,0.000,0.000,0.000,0.000,4.000,1.000,1.000,1.000,0.000,0.000,0.000,7.000,
53.276,LPay,24,0.000,0.000,0.000,0.000,4.000,0.000,1.000,1.000,0.000,0.000,0.000,8.000,
53.276,EW,14,0.000,0.000,0.000,0.000,5.000,0.000,1.000,1.000,0.000,0.000,0.000,8.000,
53.410,UPay,20,0.000,0.000,0.000,0.000,5.000,0.000,1.000,1.000,0.000,0.000,0.000,7.000,
54.262,unload,56,0.000,0.000,0.000,0.000,5.000,0.000,2.000,1.000,0.000,0.000,0.000,7.000,
54.262,enter,56,0.000,1.000,0.000,0.000,5.000,0.000,2.000,1.000,0.000,0.000,0.000,7.000,
54.262,load,62,0.000,0.000,0.000,0.000,5.000,0.000,2.000,0.000,0.000,0.000,0.000,7.000,
55.002,unload,57,0.000,0.000,0.000,0.000,5.000,0.000,2.000,0.000,1.000,0.000,0.000,7.000,
55.002,enter,57,0.000,0.000,1.000,0.000,5.000,0.000,2.000,0.000,1.000,0.000,0.000,7.000,
55.002,load,63,0.000,0.000,0.000,0.000,5.000,0.000,2.000,0.000,0.000,0.000,0.000,7.000,
55.002,EW,15,0.000,0.000,0.000,0.000,6.000,0.000,2.000,0.000,0.000,0.000,0.000,7.000,
55.450,UT,5,0.000,0.000,0.000,0.000,6.000,0.000,2.000,0.000,0.000,0.000,0.000,7.000,
55.601,UPay,21,0.000,0.000,0.000,0.000,6.000,0.000,2.000,0.000,0.000,0.000,0.000,6.000,
56.223,UT,6,0.000,0.000,0.000,0.000,6.000,0.000,2.000,0.000,0.000,0.000,0.000,6.000,
56.771,UPay,22,0.000,0.000,0.000,0.000,6.000,0.000,2.000,0.000,0.000,0.000,0.000,5.000,
57.439,unload,58,0.000,0.000,0.000,0.000,6.000,0.000,2.000,1.000,0.000,0.000,0.000,5.000,
57.439,enter,58,0.000,1.000,0.000,0.000,6.000,0.000,2.000,1.000,0.000,0.000,0.000,5.000,
57.439,load,64,0.000,0.000,0.000,0.000,6.000,0.000,2.000,0.000,0.000,0.000,0.000,5.000,
57.471,unload,59,0.000,0.000,0.000,0.000,6.000,0.000,2.000,0.000,1.000,0.000,0.000,5.000,
57.471,enter,59,1.000,0.000,0.000,0.000,6.000,0.000,2.000,0.000,1.000,0.000,0.000,5.000,
57.471,load,65,0.000,0.000,0.000,0.000,6.000,0.000,1.000,0.000,1.000,0.000,0.000,5.000,
57.471,EnterQP,25,0.000,0.000,0.000,0.000,6.000,1.000,1.000,0.000,1.000,0.000,0.000,5.000,
57.471,LPay,25,0.000,0.000,0.000,0.000,6.000,0.000,1.000,0.000,1.000,0.000,0.000,6.000,
57.471,EW,16,0.000,0.000,0.000,0.000,7.000,0.000,1.000,0.000,1.000,0.000,0.000,6.000,
57.916,unload,60,0.000,0.000,0.000,0.000,7.000,0.000,1.000,0.000,1.000,1.000,0.000,6.000,
57.916,enter,60,0.000,0.000,0.000,1.000,7.000,0.000,1.000,0.000,1.000,1.000,0.000,6.000,
57.916,load,66,0.000,0.000,0.000,0.000,7.000,0.000,1.000,0.000,1.000,0.000,0.000,6.000,
57.916,EnterQP,26,0.000,0.000,0.000,0.000,7.000,1.000,1.000,0.000,1.000,0.000,0.000,6.000,
57.916,LPay,26,0.000,0.000,0.000,0.000,7.000,0.000,1.000,0.000,1.000,0.000,0.000,7.000,
58.137,UPay,23,0.000,0.000,0.000,0.000,7.000,0.000,1.000,0.000,1.000,0.000,0.000,6.000,
58.454,unload,61,0.000,0.000,0.000,0.000,7.000,0.000,1.000,1.000,1.000,0.000,0.000,6.000,
58.454,enter,61,1.000,0.000,0.000,0.000,7.000,0.000,1.000,1.000,1.000,0.000,0.000,6.000,
58.454,load,67,0.000,0.000,0.000,0.000,7.000,0.000,0.000,1.000,1.000,0.000,0.000,6.000,
59.654,UPay,24,0.000,0.000,0.000,0.000,7.000,0.000,0.000,1.000,1.000,0.000,0.000,5.000,
60.066,unload,62,0.000,0.000,0.000,0.000,7.000,0.000,0.000,1.000,2.000,0.000,0.000,5.000,
60.066,enter,62,1.000,0.000,0.000,0.000,7.000,0.000,0.000,1.000,2.000,0.000,0.000,5.000,
60.066,EnterQP,27,1.000,0.000,0.000,0.000,7.000,1.000,0.000,1.000,2.000,0.000,0.000,5.000,
60.066,LPay,27,1.000,0.000,0.000,0.000,7.000,0.000,0.000,1.000,2.000,0.000,0.000,6.000,
60.066,EW,17,1.000,0.000,0.000,0.000,8.000,0.000,0.000,1.000,2.000,0.000,0.000,6.000,
60.131,unload,63,1.000,0.000,0.000,0.000,8.000,0.000,1.000,1.000,2.000,0.000,0.000,6.000,
60.131,load,68,0.000,0.000,0.000,0.000,8.000,0.000,0.000,1.000,2.000,0.000,0.000,6.000,
60.131,enter,63,1.000,0.000,0.000,0.000,8.000,0.000,0.000,1.000,2.000,0.000,0.000,6.000,
61.307,unload,64,1.000,0.000,0.000,0.000,8.000,0.000,1.000,1.000,2.000,0.000,0.000,6.000,
61.307,load,69,0.000,0.000,0.000,0.000,8.000,0.000,0.000,1.000,2.000,0.000,0.000,6.000,
61.307,enter,64,1.000,0.000,0.000,0.000,8.000,0.000,0.000,1.000,2.000,0.000,0.000,6.000,
61.393,unload,65,1.000,0.000,0.000,0.000,8.000,0.000,0.000,1.000,2.000,1.000,0.000,6.000,
61.393,enter,65,1.000,1.000,0.000,0.000,8.000,0.000,0.000,1.000,2.000,1.000,0.000,6.000,
61.393,load,70,1.000,0.000,0.000,0.000,8.000,0.000,0.000,0.000,2.000,1.000,0.000,6.000,
61.939,unload,66,1.000,0.000,0.000,0.000,8.000,0.000,0.000,1.000,2.000,1.000,0.000,6.000,
61.939,enter,66,1.000,0.000,1.000,0.000,8.000,0.000,0.000,1.000,2.000,1.000,0.000,6.000,
61.939,load,71,1.000,0.000,0.000,0.000,8.000,0.000,0.000,1.000,1.000,1.000,0.000,6.000,
62.225,unload,67,1.000,0.000,0.000,0.000,8.000,0.000,1.000,1.000,1.000,1.000,0.000,6.000,
62.225,load,72,0.000,0.000,0.000,0.000,8.000,0.000,0.000,1.000,1.000,1.000,0.000,6.000,
62.225,enter,67,0.000,0.000,1.000,0.000,8.000,0.000,0.000,1.000,1.000,1.000,0.000,6.000,
62.225,load,73,0.000,0.000,0.000,0.000,8.000,0.000,0.000,1.000,0.000,1.000,0.000,6.000,
62.531,UPay,25,0.000,0.000,0.000,0.000,8.000,0.000,0.000,1.000,0.000,1.000,0.000,5.000,
62.663,unload,68,0.000,0.000,0.000,0.000,8.000,0.000,0.000,1.000,1.000,1.000,0.000,5.000,
62.663,enter,68,0.000,0.000,0.000,1.000,8.000,0.000,0.000,1.000,1.000,1.000,0.000,5.000,
62.663,load,74,0.000,0.000,0.000,0.000,8.000,0.000,0.000,1.000,1.000,0.000,0.000,5.000,
62.663,EnterQP,28,0.000,0.000,0.000,0.000,8.000,1.000,0.000,1.000,1.000,0.000,0.000,5.000,
62.663,LPay,28,0.000,0.000,0.000,0.000,8.000,0.000,0.000,1.000,1.000,0.000,0.000,6.000,
62.663,EW,18,0.000,0.000,0.000,0.000,9.000,0.000,0.000,1.000,1.000,0.000,0.000,6.000,
63.645,UPay,26,0.000,0.000,0.000,0.000,9.000,0.000,0.000,1.000,1.000,0.000,0.000,5.000,
64.553,unload,69,0.000,0.000,0.000,0.000,9.000,0.000,1.000,1.000,1.000,0.000,0.000,5.000,
64.553,enter,69,0.000,1.000,0.000,0.000,9.000,0.000,1.000,1.000,1.000,0.000,0.000,5.000,
64.553,load,75,0.000,0.000,0.000,0.000,9.000,0.000,1.000,0.000,1.000,0.000,0.000,5.000,
65.122,unload,70,0.000,0.000,0.000,0.000,9.000,0.000,2.000,0.000,1.000,0.000,0.000,5.000,
65.122,enter,70,0.000,0.000,1.000,0.000,9.000,0.000,2.000,0.000,1.000,0.000,0.000,5.000,
65.122,load,76,0.000,0.000,0.000,0.000,9.000,0.000,2.000,0.000,0.000,0.000,0.000,5.000,
65.850,UPay,27,0.000,0.000,0.000,0.000,9.000,0.000,2.000,0.000,0.000,0.000,0.000,4.000,
66.081,unload,71,0.000,0.000,0.000,0.000,9.000,0.000,2.000,0.000,0.000,1.000,0.000,4.000,
66.081,enter,71,1.000,0.000,0.000,0.000,9.000,0.000,2.000,0.000,0.000,1.000,0.000,4.000,
66.081,load,77,0.000,0.000,0.000,0.000,9.000,0.000,1.000,0.000,0.000,1.000,0.000,4.000,
66.089,unload,72,0.000,0.000,0.000,0.000,9.000,0.000,1.000,1.000,0.000,1.000,0.000,4.000,
66.089,enter,72,0.000,0.000,0.000,1.000,9.000,0.000,1.000,1.000,0.000,1.000,0.000,4.000,
66.089,load,78,0.000,0.000,0.000,0.000,9.000,0.000,1.000,1.000,0.000,0.000,0.000,4.000,
67.860,UPay,28,0.000,0.000,0.000,0.000,9.000,0.000,1.000,1.000,0.000,0.000,0.000,3.000,
68.660,unload,73,0.000,0.000,0.000,0.000,9.000,0.000,2.000,1.000,0.000,0.000,0.000,3.000,
68.660,enter,73,0.000,0.000,0.000,1.000,9.000,0.000,2.000,1.000,0.000,0.000,0.000,3.000,
69.170,unload,74,0.000,0.000,0.000,1.000,9.000,0.000,2.000,2.000,0.000,0.000,0.000,3.000,
69.170,enter,74,1.000,0.000,0.000,1.000,9.000,0.000,2.000,2.000,0.000,0.000,0.000,3.000,
69.170,load,79,0.000,0.000,0.000,1.000,9.000,0.000,1.000,2.000,0.000,0.000,0.000,3.000,
69.266,unload,75,0.000,0.000,0.000,1.000,9.000,0.000,1.000,2.000,0.000,1.000,0.000,3.000,
69.266,load,80,0.000,0.000,0.000,0.000,9.000,0.000,1.000,2.000,0.000,0.000,0.000,3.000,
69.266,enter,75,0.000,0.000,1.000,0.000,9.000,0.000,1.000,2.000,0.000,0.000,0.000,3.000,
70.313,unload,76,0.000,0.000,1.000,0.000,9.000,0.000,1.000,2.000,1.000,0.000,0.000,3.000,
70.313,load,81,0.000,0.000,0.000,0.000,9.000,0.000,1.000,2.000,0.000,0.000,0.000,3.000,
70.313,enter,76,0.000,0.000,0.000,1.000,9.000,0.000,1.000,2.000,0.000,0.000,0.000,3.000,
70.313,EW,19,0.000,0.000,0.000,1.000,10.000,0.000,1.000,2.000,0.000,0.000,0.000,3.000,
70.504,unload,77,0.000,0.000,0.000,1.000,10.000,0.000,1.000,2.000,1.000,0.000,0.000,3.000,
70.504,enter,77,0.000,0.000,0.000,2.000,10.000,0.000,1.000,2.000,1.000,0.000,0.000,3.000,
70.504,EnterQP,29,0.000,0.000,0.000,2.000,10.000,1.000,1.000,2.000,1.000,0.000,0.000,3.000,
70.504,LPay,29,0.000,0.000,0.000,2.000,10.000,0.000,1.000,2.000,1.000,0.000,0.000,4.000,
70.504,EW,20,0.000,0.000,0.000,2.000,11.000,0.000,1.000,2.000,1.000,0.000,0.000,4.000,
71.361,unload,78,0.000,0.000,0.000,2.000,11.000,0.000,2.000,2.000,1.000,0.000,0.000,4.000,
71.361,enter,78,0.000,0.000,1.000,2.000,11.000,0.000,2.000,2.000,1.000,0.000,0.000,4.000,
71.361,load,82,0.000,0.000,0.000,2.000,11.000,0.000,2.000,2.000,0.000,0.000,0.000,4.000,
73.354,unload,79,0.000,0.000,0.000,2.000,11.000,0.000,2.000,2.000,0.000,1.000,0.000,4.000,
73.354,load,83,0.000,0.000,0.000,1.000,11.000,0.000,2.000,2.000,0.000,0.000,0.000,4.000,
73.354,enter,79,0.000,0.000,0.000,2.000,11.000,0.000,2.000,2.000,0.000,0.000,0.000,4.000,
73.354,EnterQP,30,0.000,0.000,0.000,2.000,11.000,1.000,2.000,2.000,0.000,0.000,0.000,4.000,
73.354,LPay,30,0.000,0.000,0.000,2.000,11.000,0.000,2.000,2.000,0.000,0.000,0.000,5.000,
73.638,Arrive,3,0.000,0.000,0.000,6.000,11.000,0.000,2.000,2.000,0.000,0.000,0.000,5.000,
74.895,unload,80,0.000,0.000,0.000,6.000,11.000,0.000,2.000,2.000,1.000,0.000,0.000,5.000,
74.895,enter,80,0.000,0.000,1.000,6.000,11.000,0.000,2.000,2.000,1.000,0.000,0.000,5.000,
74.895,load,84,0.000,0.000,0.000,6.000,11.000,0.000,2.000,2.000,0.000,0.000,0.000,5.000,
74.895,EW,21,0.000,0.000,0.000,6.000,12.000,0.000,2.000,2.000,0.000,0.000,0.000,5.000,
76.130,unload,81,0.000,0.000,0.000,6.000,12.000,0.000,2.000,2.000,1.000,0.000,0.000,5.000,
76.130,enter,81,0.000,0.000,0.000,7.000,12.000,0.000,2.000,2.000,1.000,0.000,0.000,5.000,
76.130,EW,22,0.000,0.000,0.000,7.000,13.000,0.000,2.000,2.000,1.000,0.000,0.000,5.000,
76.478,Arrive,4,2.000,0.000,0.000,7.000,13.000,0.000,2.000,2.000,1.000,0.000,0.000,5.000,
76.478,load,85,1.000,0.000,0.000,7.000,13.000,0.000,1.000,2.000,1.000,0.000,0.000,5.000,
76.549,unload,82,1.000,0.000,0.000,7.000,13.000,0.000,1.000,2.000,1.000,1.000,0.000,5.000,
76.549,load,86,1.000,0.000,0.000,6.000,13.000,0.000,1.000,2.000,1.000,0.000,0.000,5.000,
76.549,enter,82,1.000,0.000,0.000,7.000,13.000,0.000,1.000,2.000,1.000,0.000,0.000,5.000,
76.549,EnterQP,31,1.000,0.000,0.000,7.000,13.000,1.000,1.000,2.000,1.000,0.000,0.000,5.000,
76.549,LPay,31,1.000,0.000,0.000,7.000,13.000,0.000,1.000,2.000,1.000,0.000,0.000,6.000,
77.196,unload,83,1.000,0.000,0.000,7.000,13.000,0.000,1.000,2.000,2.000,0.000,0.000,6.000,
77.196,enter,83,1.000,0.000,1.000,7.000,13.000,0.000,1.000,2.000,2.000,0.000,0.000,6.000,
77.196,load,87,1.000,0.000,0.000,7.000,13.000,0.000,1.000,2.000,1.000,0.000,0.000,6.000,
77.196,EW,23,1.000,0.000,0.000,7.000,14.000,0.000,1.000,2.000,1.000,0.000,0.000,6.000,
77.284,UPay,29,1.000,0.000,0.000,7.000,14.000,0.000,1.000,2.000,1.000,0.000,0.000,5.000,
78.880,UPay,30,1.000,0.000,0.000,7.000,14.000,0.000,1.000,2.000,1.000,0.000,0.000,4.000,
80.154,unload,84,1.000,0.000,0.000,7.000,14.000,0.000,2.000,2.000,1.000,0.000,0.000,4.000,
80.154,load,88,0.000,0.000,0.000,7.000,14.000,0.000,1.000,2.000,1.000,0.000,0.000,4.000,
80.154,enter,84,0.000,1.000,0.000,7.000,14.000,0.000,1.000,2.000,1.000,0.000,0.000,4.000,
80.154,load,89,0.000,0.000,0.000,7.000,14.000,0.000,1.000,1.000,1.000,0.000,0.000,4.000,
81.366,unload,85,0.000,0.000,0.000,7.000,14.000,0.000,1.000,1.000,1.000,1.000,0.000,4.000,
81.366,load,90,0.000,0.000,0.000,6.000,14.000,0.000,1.000,1.000,1.000,0.000,0.000,4.000,
81.366,enter,85,0.000,0.000,0.000,7.000,14.000,0.000,1.000,1.000,1.000,0.000,0.000,4.000,
82.682,unload,86,0.000,0.000,0.000,7.000,14.000,0.000,2.000,1.000,1.000,0.000,0.000,4.000,
82.682,enter,86,0.000,0.000,1.000,7.000,14.000,0.000,2.000,1.000,1.000,0.000,0.000,4.000,
82.682,load,91,0.000,0.000,0.000,7.000,14.000,0.000,2.000,1.000,0.000,0.000,0.000,4.000,
83.430,UPay,31,0.000,0.000,0.000,7.000,14.000,0.000,2.000,1.000,0.000,0.000,0.000,3.000,
83.591,unload,87,0.000,0.000,0.000,7.000,14.000,0.000,2.000,2.000,0.000,0.000,0.000,3.000,
83.591,enter,87,0.000,0.000,1.000,7.000,14.000,0.000,2.000,2.000,0.000,0.000,0.000,3.000,
83.872,unload,88,0.000,0.000,1.000,7.000,14.000,0.000,2.000,2.000,1.000,0.000,0.000,3.000,
83.872,load,92,0.000,0.000,0.000,7.000,14.000,0.000,2.000,2.000,0.000,0.000,0.000,3.000,
83.872,enter,88,0.000,1.000,0.000,7.000,14.000,0.000,2.000,2.000,0.000,0.000,0.000,3.000,
83.872,load,93,0.000,0.000,0.000,7.000,14.000,0.000,2.000,1.000,0.000,0.000,0.000,3.000,
83.872,EnterQP,32,0.000,0.000,0.000,7.000,14.000,1.000,2.000,1.000,0.000,0.000,0.000,3.000,
83.872,LPay,32,0.000,0.000,0.000,7.000,14.000,0.000,2.000,1.000,0.000,0.000,0.000,4.000,
83.872,EW,24,0.000,0.000,0.000,7.000,15.000,0.000,2.000,1.000,0.000,0.000,0.000,4.000,
84.191,unload,89,0.000,0.000,0.000,7.000,15.000,0.000,2.000,1.000,1.000,0.000,0.000,4.000,
84.191,enter,89,0.000,1.000,0.000,7.000,15.000,0.000,2.000,1.000,1.000,0.000,0.000,4.000,
84.191,load,94,0.000,0.000,0.000,7.000,15.000,0.000,2.000,0.000,1.000,0.000,0.000,4.000,
84.191,EW,25,0.000,0.000,0.000,7.000,16.000,0.000,2.000,0.000,1.000,0.000,0.000,4.000,
85.084,unload,90,0.000,0.000,0.000,7.000,16.000,0.000,2.000,0.000,1.000,1.000,0.000,4.000,
85.084,load,95,0.000,0.000,0.000,6.000,16.000,0.000,2.000,0.000,1.000,0.000,0.000,4.000,
85.084,enter,90,0.000,0.000,1.000,6.000,16.000,0.000,2.000,0.000,1.000,0.000,0.000,4.000,
85.084,load,96,0.000,0.000,0.000,6.000,16.000,0.000,2.000,0.000,0.000,0.000,0.000,4.000,
85.084,EnterQP,33,0.000,0.000,0.000,6.000,16.000,1.000,2.000,0.000,0.000,0.000,0.000,4.000,
85.084,LPay,33,0.000,0.000,0.000,6.000,16.000,0.000,2.000,0.000,0.000,0.000,0.000,5.000,
87.799,unload,91,0.000,0.000,0.000,6.000,16.000,0.000,2.000,1.000,0.000,0.000,0.000,5.000,
87.799,enter,91,1.000,0.000,0.000,6.000,16.000,0.000,2.000,1.000,0.000,0.000,0.000,5.000,
87.799,load,97,0.000,0.000,0.000,6.000,16.000,0.000,1.000,1.000,0.000,0.000,0.000,5.000,
88.220,unload,92,0.000,0.000,0.000,6.000,16.000,0.000,1.000,1.000,0.000,1.000,0.000,5.000,
88.220,load,98,0.000,0.000,0.000,5.000,16.000,0.000,1.000,1.000,0.000,0.000,0.000,5.000,
88.220,enter,92,1.000,0.000,0.000,5.000,16.000,0.000,1.000,1.000,0.000,0.000,0.000,5.000,
88.220,load,99,0.000,0.000,0.000,5.000,16.000,0.000,0.000,1.000,0.000,0.000,0.000,5.000,
88.220,EnterQP,34,0.000,0.000,0.000,5.000,16.000,1.000,0.000,1.000,0.000,0.000,0.000,5.000,
88.220,LPay,34,0.000,0.000,0.000,5.000,16.000,0.000,0.000,1.000,0.000,0.000,0.000,6.000,
88.367,unload,93,0.000,0.000,0.000,5.000,16.000,0.000,0.000,2.000,0.000,0.000,0.000,6.000,
88.367,enter,93,0.000,0.000,0.000,6.000,16.000,0.000,0.000,2.000,0.000,0.000,0.000,6.000,
88.367,EnterQP,35,0.000,0.000,0.000,6.000,16.000,1.000,0.000,2.000,0.000,0.000,0.000,6.000,
88.367,LPay,35,0.000,0.000,0.000,6.000,16.000,0.000,0.000,2.000,0.000,0.000,0.000,7.000,
89.582,UPay,32,0.000,0.000,0.000,6.000,16.000,0.000,0.000,2.000,0.000,0.000,0.000,6.000,
90.260,unload,94,0.000,0.000,0.000,6.000,16.000,0.000,1.000,2.000,0.000,0.000,0.000,6.000,
90.260,enter,94,1.000,0.000,0.000,6.000,16.000,0.000,1.000,2.000,0.000,0.000,0.000,6.000,
90.260,load,100,0.000,0.000,0.000,6.000,16.000,0.000,0.000,2.000,0.000,0.000,0.000,6.000,
90.587,unload,95,0.000,0.000,0.000,6.000,16.000,0.000,0.000,2.000,1.000,0.000,0.000,6.000,
90.587,enter,95,0.000,0.000,0.000,7.000,16.000,0.000,0.000,2.000,1.000,0.000,0.000,6.000,
90.587,EW,26,0.000,0.000,0.000,7.000,17.000,0.000,0.000,2.000,1.000,0.000,0.000,6.000,
90.610,unload,96,0.000,0.000,0.000,7.000,17.000,0.000,1.000,2.000,1.000,0.000,0.000,6.000,
90.610,enter,96,0.000,0.000,0.000,8.000,17.000,0.000,1.000,2.000,1.000,0.000,0.000,6.000,
91.264,UPay,33,0.000,0.000,0.000,8.000,17.000,0.000,1.000,2.000,1.000,0.000,0.000,5.000,
91.361,unload,97,0.000,0.000,0.000,8.000,17.000,0.000,1.000,2.000,1.000,1.000,0.000,5.000,
91.361,load,101,0.000,0.000,0.000,7.000,17.000,0.000,1.000,2.000,1.000,0.000,0.000,5.000,
91.361,enter,97,0.000,0.000,1.000,7.000,17.000,0.000,1.000,2.000,1.000,0.000,0.000,5.000,
91.361,load,102,0.000,0.000,0.000,7.000,17.000,0.000,1.000,2.000,0.000,0.000,0.000,5.000,
91.361,EnterQP,36,0.000,0.000,0.000,7.000,17.000,1.000,1.000,2.000,0.000,0.000,0.000,5.000,
91.361,LPay,36,0.000,0.000,0.000,7.000,17.000,0.000,1.000,2.000,0.000,0.000,0.000,6.000,
91.492,unload,98,0.000,0.000,0.000,7.000,17.000,0.000,1.000,2.000,1.000,0.000,0.000,6.000,
91.492,enter,98,0.000,1.000,0.000,7.000,17.000,0.000,1.000,2.000,1.000,0.000,0.000,6.000,
91.492,load,103,0.000,0.000,0.000,7.000,17.000,0.000,1.000,1.000,1.000,0.000,0.000,6.000,
91.492,EnterQP,37,0.000,0.000,0.000,7.000,17.000,1.000,1.000,1.000,1.000,0.000,0.000,6.000,
91.492,LPay,37,0.000,0.000,0.000,7.000,17.000,0.000,1.000,1.000,1.000,0.000,0.000,7.000,
91.492,EW,27,0.000,0.000,0.000,7.000,18.000,0.000,1.000,1.000,1.000,0.000,0.000,7.000,
92.930,unload,99,0.000,0.000,0.000,7.000,18.000,0.000,2.000,1.000,1.000,0.000,0.000,7.000,
92.930,enter,99,0.000,0.000,0.000,8.000,18.000,0.000,2.000,1.000,1.000,0.000,0.000,7.000,
93.638,UPay,34,0.000,0.000,0.000,8.000,18.000,0.000,2.000,1.000,1.000,0.000,0.000,6.000,
93.908,unload,100,0.000,0.000,0.000,8.000,18.000,0.000,2.000,1.000,2.000,0.000,0.000,6.000,
93.908,enter,100,0.000,1.000,0.000,8.000,18.000,0.000,2.000,1.000,2.000,0.000,0.000,6.000,
93.908,load,104,0.000,0.000,0.000,8.000,18.000,0.000,2.000,0.000,2.000,0.000,0.000,6.000,
93.908,EW,28,0.000,0.000,0.000,8.000,19.000,0.000,2.000,0.000,2.000,0.000,0.000,6.000,
94.173,UPay,35,0.000,0.000,0.000,8.000,19.000,0.000,2.000,0.000,2.000,0.000,0.000,5.000,
95.301,unload,101,0.000,0.000,0.000,8.000,19.000,0.000,2.000,0.000,2.000,1.000,0.000,5.000,
95.301,load,105,0.000,0.000,0.000,7.000,19.000,0.000,2.000,0.000,2.000,0.000,0.000,5.000,
95.301,enter,101,1.000,0.000,0.000,7.000,19.000,0.000,2.000,0.000,2.000,0.000,0.000,5.000,
95.301,load,106,0.000,0.000,0.000,7.000,19.000,0.000,1.000,0.000,2.000,0.000,0.000,5.000,
95.301,EnterQP,38,0.000,0.000,0.000,7.000,19.000,1.000,1.000,0.000,2.000,0.000,0.000,5.000,
95.301,LPay,38,0.000,0.000,0.000,7.000,19.000,0.000,1.000,0.000,2.000,0.000,0.000,6.000,
96.138,unload,102,0.000,0.000,0.000,7.000,19.000,0.000,1.000,1.000,2.000,0.000,0.000,6.000,
96.138,enter,102,0.000,0.000,1.000,7.000,19.000,0.000,1.000,1.000,2.000,0.000,0.000,6.000,
96.138,load,107,0.000,0.000,0.000,7.000,19.000,0.000,1.000,1.000,1.000,0.000,0.000,6.000,
97.473,unload,103,0.000,0.000,0.000,7.000,19.000,0.000,1.000,2.000,1.000,0.000,0.000,6.000,
97.473,enter,103,0.000,0.000,1.000,7.000,19.000,0.000,1.000,2.000,1.000,0.000,0.000,6.000,
97.473,load,108,0.000,0.000,0.000,7.000,19.000,0.000,1.000,2.000,0.000,0.000,0.000,6.000,
97.474,UPay,36,0.000,0.000,0.000,7.000,19.000,0.000,1.000,2.000,0.000,0.000,0.000,5.000,
97.655,UPay,37,0.000,0.000,0.000,7.000,19.000,0.000,1.000,2.000,0.000,0.000,0.000,4.000,
98.459,unload,104,0.000,0.000,0.000,7.000,19.000,0.000,1.000,2.000,0.000,1.000,0.000,4.000,
98.459,load,109,0.000,0.000,0.000,6.000,19.000,0.000,1.000,2.000,0.000,0.000,0.000,4.000,
98.459,enter,104,0.000,0.000,0.000,7.000,19.000,0.000,1.000,2.000,0.000,0.000,0.000,4.000,
98.459,EnterQP,39,0.000,0.000,0.000,7.000,19.000,1.000,1.000,2.000,0.000,0.000,0.000,4.000,
98.459,LPay,39,0.000,0.000,0.000,7.000,19.000,0.000,1.000,2.000,0.000,0.000,0.000,5.000,
98.955,unload,105,0.000,0.000,0.000,7.000,19.000,0.000,2.000,2.000,0.000,0.000,0.000,5.000,
98.955,enter,105,1.000,0.000,0.000,7.000,19.000,0.000,2.000,2.000,0.000,0.000,0.000,5.000,
98.955,load,110,0.000,0.000,0.000,7.000,19.000,0.000,1.000,2.000,0.000,0.000,0.000,5.000,
100.385,unload,106,0.000,0.000,0.000,7.000,19.000,0.000,1.000,2.000,1.000,0.000,0.000,5.000,
  